{"username": "JohnDoe", "texts_typed": 1, "total_speed": 234.38668028622243, "training_history": [[234.38668028622243, 11]], "mistakes_by_char": {"\u0442": 11}}