{"username": "JohnDoe", "texts_typed": 2, "total_speed": 629.1309183202626, "training_history": [[234.38668028622243, 11], [394.74423803404017, 1]], "mistakes_by_char": {"\u0442": 11, "\u0412": 1}}