{"username": "JohnDoe", "texts_typed": 2, "total_speed": 380.7767754243579, "training_history": [[242.6190558872127, 22], [138.15771953714517, 21]], "mistakes_by_char": {"\u0421": 3, "\u043e": 2, "\u044c": 2, "\u0435": 2, "\u041f": 2, "\u0446": 2, "\u043b": 5, "\u0438": 1, "\u0430": 3, "\u0447": 2, "\u0442": 4, ".": 6, "\u0434": 3, "\u041d": 1, "\u043d": 2, "\u0443": 1, "\u0440": 1, "\u044f": 1}}