{"username": "N", "texts_typed": 3, "total_speed": 1062.5945719992064, "training_history": [[338.411891755621, 1], [313.62719337859556, 5], [410.55548686499003, 0]], "mistakes_by_char": {"\u043e": 1, "\u0442": 5}}