{"username": "Ni", "texts_typed": 2, "total_speed": 762.3885774375517, "training_history": [[437.06833082997076, 0], [325.3202466075809, 12]], "mistakes_by_char": {"\u0412": 9, "\u0435": 3}}