{"username": "Nikit", "texts_typed": 1, "total_speed": 217.20619387721496, "training_history": [[217.20619387721496, 4]], "mistakes_by_char": {"\u0442": 1, "\u044d": 3}}