{"username": "Nikita", "texts_typed": 1, "total_speed": 399.2245594362855, "training_history": [[399.2245594362855, 1]], "mistakes_by_char": {"\u0412": 1}}