{"username": "\u0411\u0430\u0437\u043e\u0432\u044b\u0439 \u043f\u043e\u043b\u044c\u0437\u043e\u0432\u0430\u0442\u0435\u043b\u044c", "texts_typed": 2, "total_speed": 689.9880059093655, "training_history": [[353.0321069701547, 2], [336.9558989392108, 6]], "mistakes_by_char": {"\u044e": 1, "\u043f": 1, "\u043b": 1, "\u0435": 1, "\u0417": 2, "\u0438": 1, "\u0434": 1}}