{"username": "\u043c\u0430\u043c\u0430", "texts_typed": 1, "total_speed": 374.0131323288952, "training_history": [[374.0131323288952, 1]], "mistakes_by_char": {"\u0438": 1}}