{"username": "\u041d\u0438\u043a\u0438\u0442\u0430", "texts_typed": 1, "total_speed": 248.6874459483272, "training_history": [[248.6874459483272, 1]], "mistakes_by_char": {"\u0412": 1}}