{"username": "\u0421\u043b\u0430\u0432\u0430", "texts_typed": 1, "total_speed": 358.8247973072305, "training_history": [[358.8247973072305, 0]], "mistakes_by_char": {}}